comment_sentence_id,class,category,category_encoded,partition,processed_text
1548,AbstractEngine,Summary,3,0,object serving base class engines
1550,AbstractHolidayCalendar,Summary,3,1,abstract interface create holidays following certain rules
1,AccessMixin,Summary,3,1,abstract cbv mixin gives access mixins customizable functionality
1552,AccessorCallableDocumenter,Summary,3,0,documenter lets us removes call method signature callable accessors like series plot
1558,AccessorDocumenter,Summary,3,1,specialized documenter subclass accessors
4212,Adadelta,Summary,3,0,implements adadelta algorithm proposed adadelta adaptive learning rate method arguments params iterable iterable parameters optimize dicts defining parameter groups rho float optional coefficient used computing running average squared gradients default 09 eps float optional term added denominator improve numerical stability default 1e 6 lr float optional coefficient scale delta applied parameters default 10 weight decay float optional weight decay l2 penalty default 0
4237,Adam,Summary,3,0,implements adam algorithm proposed adam method stochastic optimization arguments params iterable iterable parameters optimize dicts defining parameter groups lr float optional learning rate default 1e 3 betas tuple float float optional coefficients used computing running averages gradient square default 09 0999 eps float optional term added denominator improve numerical stability default 1e 8 weight decay float optional weight decay l2 penalty default 0 amsgrad boolean optional whether use amsgrad variant algorithm paper convergence adam beyond default false adam method stochastic optimization https arxiv org abs 14126980 convergence adam beyond https openreview net forum id ryqu7f rz
4273,Adamax,Summary,3,1,implements adamax algorithm variant adam based infinity norm proposed adam method stochastic optimization arguments params iterable iterable parameters optimize dicts defining parameter groups lr float optional learning rate default 2e 3 betas tuple float float optional coefficients used computing running averages gradient square eps float optional term added denominator improve numerical stability default 1e 8 weight decay float optional weight decay l2 penalty default 0
4296,AdaptiveMaxPool3d,Summary,3,0,applies 3d adaptive max pooling input signal composed several input planes output size x h x w input size number output features equal number input planes args output size target output size image form x h x w tuple h w single cube x x h w either int none means size input return indices true return indices along outputs useful pass nn maxunpool3d default false examples target output size 5x7x9 nn adaptivemaxpool3d 5 7 9 input torch randn 1 64 8 9 10 output input target output size 7x7x7 cube nn adaptivemaxpool3d 7 input torch randn 1 64 10 9 8 output input target output size 7x9x8 input torch randn 1 64 10 9 8 output input
5,AmbiguityError,Summary,3,1,one migration matches name prefix
2382,And,DevelopmentNotes,0,0,requires given class parseexpression found given order expressions may separated whitespace may constructed using operator may also constructed using operator suppress backtracking example integer word nums name expr oneormore word alphas expr integer id name expr name integer age easily written expr integer id name expr name integer age
7,AppConfigStub,Summary,3,1,stub appconfig provides label dict models
11,Archive,DevelopmentNotes,0,1,external api class encapsulates archive implementation
11,Archive,Summary,3,1,external api class encapsulates archive implementation
14,ArchiveIndexView,Summary,3,1,top level archive date based items
2408,Argument,Summary,3,0,arguments positional parameters command generally provide fewer features options infinite nargs required default parameters passed onwards parameter constructor
16,Atomic,Summary,3,1,guarantee atomic execution given block used decorator call wraps execution decorated function instance used context manager used context manager enter creates transaction savepoint depending whether transaction already progress exit commits transaction releases savepoint normal exit rolls back transaction savepoint exceptions possible disable creation savepoints goal ensure code runs within transaction without creating overhead stack savepoints identifiers maintained attribute connection none denotes absence savepoint allows reentrancy even atomicwrapper reused
50,AtomicTests,Summary,3,1,tests atomic decorator context manager tests make assertions internal attributes robust way ask database current transaction state since decorator syntax converted context manager see implementation basic tests decorator syntax bulk tests use context manager syntax
912,Audio,Summary,3,1,create audio object object returned input cell passed display function result audio controls displayed frontend works notebook parameters data numpy array list unicode str bytes one numpy 1d array containing desired waveform mono numpy 2d array containing waveforms channel shape nchan nsamples standard channel order see http msdn microsoft com en us library windows hardware dn653308 v vs 85 aspx list float integer representing waveform mono string containing filename bytestring containing raw pcm data url pointing file web array option used waveform normalized filename url used format support browser dependent url unicode url download data filename unicode path local file load data embed boolean audio data embedded using data uri true original source referenced set true want audio playable later internet connection notebook default true unless keyword argument url set default value false rate integer sampling rate raw data required data parameter used array autoplay bool set true audio immediately start playing default false normalize bool whether audio normalized rescaled maximum possible range default true set false data must 1 1 inclusive otherwise error raised applies data list array samples types audio never normalized examples generate sound import numpy np framerate 44100 np linspace 0 5 framerate 5 data np sin 2 np pi 220 np sin 2 np pi 224 audio data rate framerate also stereo channels dataleft np sin 2 np pi 220 dataright np sin 2 np pi 224 audio dataleft dataright rate framerate audio http www nch com au acm 8k16bitpcm wav url audio url http www w3schools com html horse ogg audio path sound wav file audio filename path sound ogg audio b raw wav data bytes audio data b raw wav data
5929,AuthBase,Summary,3,0,base class auth implementations derive
62,AutoFieldMeta,Summary,3,1,metaclass maintain backward inheritance compatibility autofield intended autofieldmixin become public api possible create non integer automatically generated field using column defaults stored database many areas django also relies using isinstance check automatically generated field subclass autofield new flag needs implemented field used instead issues addressed metaclass could used deprecate inheritance autofield use isinstance autofield detecting automatically generated fields
1265,AutoTlsConnBroker,Summary,3,0,broker tries auto upgrade connections use tls least ssl handshake record info
1263,AutocryptSearch,Summary,3,0,search autocrypt database
4460,BCEWithLogitsLoss,Summary,3,0,loss combines sigmoid layer bceloss one single class version numerically stable using plain sigmoid followed bceloss combining operations one layer take advantage log sum exp trick numerical stability unreduced ie attr reduction set none loss described math ell x l l 1 dots l n top quad l n w n left n cdot log sigma x n 1 n cdot log 1 sigma x n right math n batch size attr reduction none default mean math ell x begin cases operatorname mean l text reduction text mean operatorname sum l text reduction text sum end cases used measuring error reconstruction example auto encoder note targets numbers 0 1 possible trade recall precision adding weights positive examples case multi label classification loss described math ell c x l c l 1 c dots l n c top quad l n c w n c left p c n c cdot log sigma x n c 1 n c cdot log 1 sigma x n c right example dataset contains 100 positive 300 negative examples single class pos weight class equal math frac 300 100 3 loss would act dataset contains math 3 times 100 300 positive examples examples target torch ones 10 64 dtype torch float32 64 classes batch size 10 output torch full 10 64 0999 prediction logit pos weight torch ones 64 weights equal 1 criterion torch nn bcewithlogitsloss pos weight pos weight criterion output target log sigmoid 0999 tensor 03135 args weight tensor optional manual rescaling weight given loss batch element given tensor size nbatch size average bool optional deprecated see attr reduction default losses averaged loss element batch note losses multiple elements per sample field attr size average set false losses instead summed minibatch ignored reduce false default true reduce bool optional deprecated see attr reduction losses averaged summed observations minibatch depending attr size average attr reduce false returns loss per batch element instead ignores attr size average default true reduction string optional specifies reduction apply output none mean sum none reduction applied mean sum output divided number elements output sum output summed note attr size average attr reduce process deprecated meantime default mean pos weight tensor optional weight positive examples must vector length equal number classes shape input math n math means number additional dimensions target math n shape input output scalar attr reduction none math n examples loss nn bcewithlogitsloss input torch randn 3 requires grad true target torch empty 3 random 2 output loss input target output backward
218,BCryptSHA256PasswordHasher,Summary,3,0,secure password hashing using bcrypt algorithm recommended considered many secure algorithm must first install bcrypt library
1642,BYearBegin,Summary,3,0,dateoffset increments business year begin dates
84,BadSignature,Summary,3,1,signature match
86,BarAccount,Summary,3,0,service specific account type bar
1560,Base,Summary,3,0,common tests variations intervalindex construction input data supplied breaks format converted subclass method get kwargs breaks expected format
88,BaseCommand,Summary,3,0,base class management commands ultimately derive use class want access mechanisms parse command line arguments work code call response need change behavior consider using one subclasses defined file interested overriding customizing various aspects command parsing execution behavior normal flow works follows 1 django admin manage py loads command class calls run argv method 2 run argv method calls create parser get argumentparser arguments parses performs environment changes requested options like pythonpath calls execute method passing parsed arguments 3 execute method attempts carry command calling handle method parsed arguments output produced handle printed standard output command intended produce block sql statements wrapped begin commit 4 handle execute raised exception eg commanderror run argv instead print error message stderr thus handle method typically starting point subclasses many built commands command types either place logic handle perform additional parsing work handle delegate specialized methods needed several attributes affect behavior various steps along way help short description command printed output transaction boolean indicating whether command outputs sql statements true output automatically wrapped begin commit default value false requires migrations checks boolean true command prints warning set migrations disk match migrations database requires system checks boolean true entire django project checked errors prior executing command validate individual application models rather applications models call self check app configs handle app configs list application configuration provided app registry
2418,BaseCommand_,Summary,3,1,cli command
201,BaseDatabaseSchemaEditor,DevelopmentNotes,0,0,class subclasses responsible emitting schema changing statements databases model creation removal alteration field renaming index fiddling
201,BaseDatabaseSchemaEditor,Summary,3,0,class subclasses responsible emitting schema changing statements databases model creation removal alteration field renaming index fiddling
210,BaseExpression,Summary,3,0,base class query expressions
1569,BaseInterfaceTests,Summary,3,1,tests basic interface satisfied interface
4344,BaseTestCase,Summary,3,0,base class used tensorboard tests
212,BaseUpdateView,Summary,3,0,base view updating existing object using base class requires subclassing provide response mixin
216,BaseYearArchiveView,Summary,3,0,list objects published given year
4346,BatchNorm1d,Summary,3,0,applies batch normalization 2d 3d input mini batch 1d inputs optional additional channel dimension described paper batch normalization accelerating deep network training reducing internal covariate shift math mean standard deviation calculated per dimension size c c input size also default training layer keeps running estimates computed mean variance used normalization evaluation running estimates kept default attr momentum 01 attr track running stats set false layer keep running estimates batch statistics instead used evaluation time well note attr momentum argument different one used optimizer classes conventional notion momentum mathematically update rule running statistics math hat x text new 1 text momentum times hat x text momentum times x math hat x estimated statistic math x new observed value batch normalization done c dimension computing statistics n l slices common terminology call temporal batch normalization args num features math c expected input size math n c l math l input size math n l eps value added denominator numerical stability default 1e 5 momentum value used running mean running var computation set none cumulative moving average ie simple average default 01 affine boolean value set true module learnable affine parameters default true track running stats boolean value set true module tracks running mean variance set false module track statistics always uses batch statistics training eval modes default true shape input math n c math n c l output math n c math n c l shape input examples learnable parameters nn batchnorm1d 100 without learnable parameters input torch randn 20 100 output input
1573,BooleanArray,Summary,3,0,array boolean true false data missing values pandas extension array boolean data hood represented 2 numpy arrays boolean array data boolean array mask true indicating missing booleanarray implements kleene logic sometimes called three value logic logical operations see ref boolean kleene construct booleanarray generic array like input use func pandas array specifying dtype boolean see examples booleanarray considered experimental parameters values numpy ndarray 1 boolean dtype array data mask numpy ndarray 1 boolean dtype array indicating missing values true indicates missing copy bool default false whether copy values mask arrays attributes none methods none returns booleanarray examples create booleanarray func pandas array pd array true false none dtype boolean booleanarray true false na length 3 dtype boolean
227,BoundWidget,Summary,3,0,container class used iterating widgets useful widgets choices example following used template radio myform beatles label radio id label radio choice label span class radio radio tag span label endfor
2420,BrokenStdoutLoggingError,Summary,3,0,raised brokenpipeerror occurs stdout stream logging
2422,Bucket,Summary,3,0,buckets used store bytecode one template created initialized bytecode cache passed loading functions buckets get internal checksum cache assigned use automatically reject outdated cache material
4638,BuildType,Summary,3,1,checks build type build type given attr cmake build type env attr cmake build type env none build type inferred cmakecache txt cmakecache txt exist os environ cmake build type used arguments cmake build type env str value os environ cmake build type
1638,BusinessHour,Summary,3,0,dateoffset subclass representing possibly n business hours
1640,BusinessMixin,Summary,3,0,mixin business types provide related functions
2495,CONSOLE_SCREEN_BUFFER_INFO,Summary,3,0,struct wincon h
249,CacheHandler,Summary,3,0,cache handler manage access cache instances ensure one instance alias exists per thread
4657,Caffe2OperatorTestCase,Summary,3,0,class includes information needed benchmark operator op bench user defined class child caffe2benchmarkbase includes input operator etc test config namedtuple includes test name input shape tag run backward run backward false run forward method executed otherwise run backward method executed
2434,CallBlock,DevelopmentNotes,0,0,like macro without name call instead call called unnamed macro caller argument node holds
1044,CapturingDisplayPublisher,Summary,3,1,displaypublisher store
2440,CaseInsensitiveDict,Summary,3,0,case insensitive dict like object implements methods operations mutablemapping well dict copy also provides lower items keys expected strings structure remembers case last key set iter instance keys items iterkeys iteritems contain case sensitive keys however querying contains testing case insensitive cid caseinsensitivedict cid accept application json list cid accept true example headers content encoding return value content encoding response header regardless header name originally stored constructor update equality comparison operations given keys equal lower behavior undefined
1644,CategoricalDtype,Expand,1,1,type categorical data categories orderedness parameters categories sequence optional must unique must contain nulls ordered bool none default false whether categorical treated ordered categorical none used maintain ordered value existing categoricals used operations combine categoricals eg astype resolve false existing ordered maintain attributes categories ordered methods none notes class useful specifying type categorical independent values see ref categorical categoricaldtype examples pd categoricaldtype categories b ordered true pd series b c dtype 12 00 1 b 2 00 3 nan dtype category categories 2 object b
1644,CategoricalDtype,Summary,3,0,type categorical data categories orderedness parameters categories sequence optional must unique must contain nulls ordered bool none default false whether categorical treated ordered categorical none used maintain ordered value existing categoricals used operations combine categoricals eg astype resolve false existing ordered maintain attributes categories ordered methods none notes class useful specifying type categorical independent values see ref categorical categoricaldtype examples pd categoricaldtype categories b ordered true pd series b c dtype 12 00 1 b 2 00 3 nan dtype category categories 2 object b
1703,CategoricalIndex,Summary,3,0,index based underlying class categorical categoricalindex like categorical take limited also like categorical might order numerical operations additions divisions possible parameters data array like 1 dimensional values categorical categories given values categories replaced nan categories index like optional categories categorical items need unique categories given also dtype inferred data ordered bool optional whether categorical treated ordered categorical given dtype resulting categorical unordered dtype categoricaldtype category optional class categoricaldtype cannot used together categories ordered versionadded 021 0 copy bool default false make copy input ndarray name object optional name stored index attributes codes categories ordered methods remove unused categories set categories ordered unordered map categories validate explicit ordered true given categories notes see user guide http pandas pydata org pandas docs stable user guide advanced html categoricalindex examples pd categoricalindex b c b c categoricalindex b c b c categories b c ordered false dtype category noqa categoricalindex also instantiated categorical c pd categorical b c b c pd categoricalindex c categoricalindex b c b c categories b c ordered false dtype category noqa ordered categoricalindex min max value ci pd categoricalindex b c b c ordered true categories c b ci categoricalindex b c b c categories c b ordered true dtype category noqa c
1046,CellMagicRole,Summary,3,0,cross reference role displayed prefix
253,Choices,Parameters,2,0,class creating enumerated choices
253,Choices,Summary,3,0,class creating enumerated choices
256,ChunkIter,Summary,3,0,iterable yield chunks data given file like object constructor yield chunks read operations object
262,Client,Summary,3,0,class act client testing purposes allows user compose get post requests obtain response server gave requests server response objects annotated details contexts templates rendered process serving request client objects stateful retain cookie thus session details lifetime client instance intended replacement twill selenium like allow testing contexts templates produced view rather html rendered end user
2489,ColoredString,Summary,3,0,enhanced string len operations colored output
286,Combinable,Summary,3,0,provide ability combine one two objects connector example f foo f bar
2491,CommandError,Summary,3,0,raised error command line arguments
1269,ConfigDict,Summary,3,0,sanity checking self documenting dictionary program settings object must initialized dictionary describes structured way variables exist legal values defaults variable definition expects three values 1 human readable description variable 2 data type sanity check 3 default value sanity check dictionary rules values expected dictionaries lists items match rules defined used empty list dictionary default value configuration data nested including dictionary rules place default value default value empty list assumed list values type specified examples pot configdict rules potatoes many potatoes int 0 carrots many carrots int 99 liquids fluids like false water liters int 0 vodka liters int 12 tags tags c c int 0 x x str colors colors red blue sorted pot keys sorted pot values colors liquids tags pot potatoes pot liquids vodka 123 pot potatoes 123 pot liquids vodka 123 pot carrots 99 pot walk liquids vodka 123 pot walk liquids vodka parent true vodka pot colors append red 0 pot colors extend blue red red pot colors red blue red red 0 pot tags 0 c 123 pot tags append z invalid traceback recent call last valueerror invalid value config tags 1 traceback recent call last invalidkeyerror invalid key config evil traceback recent call last invalidkeyerror invalid key config liquids evil traceback recent call last valueerror invalid value config potatoes moo traceback recent call last configvalueerror invalid value config colors 4 green pot rules potatoes many potatoes type int 0 isinstance pot liquids configdict true
1424,ConfigureMailboxes,Summary,3,0,add one mailboxes account specified mailbox assigned id use metadata index account specified mailbox assigned account configured automatic indexing
1434,ConnectToGuiOMatic,Summary,3,0,connect waiting gui matic gui
2493,ConnectionError,Summary,3,0,connection error occurred
292,ConsoleDirective,Summary,3,1,restructuredtext directive renders two tab code block second tab shows windows command line equivalent usual unix oriented examples
4669,ConstantPad3d,Summary,3,0,pads input tensor boundaries constant value n dimensional padding use func torch nn functional pad args padding int tuple size padding int uses padding boundaries 6 tuple uses math text padding left math text padding right math text padding top math text padding bottom math text padding front math text padding back examples nn constantpad3d 3 35 input torch randn 16 3 10 20 30 output input using different paddings different sides nn constantpad3d 3 3 6 6 0 1 35 output input
1436,ContactSet,Summary,3,0,set contact lines ensuring contact exists
298,Context,Summary,3,1,stack container variable context
2497,Context_,Summary,3,0,template context holds variables template creating instances neither supported useful created automatically various stages template evaluation created hand context immutable modifications attr parent must happen modifications attr vars allowed generated template code template filters global functions marked func contextfunction get active context passed first argument allowed access context read template context supports read dict operations get keys values items iterkeys itervalues iteritems getitem contains additionally meth resolve method fail keyerror returns class undefined object missing variables
4709,Conv3d,Summary,3,0,applies 3d convolution input signal composed several input planes simplest case output value layer input size math n c h w output math n c h w precisely described math n c j bias c j sum k 0 c 1 weight c j k star input n k attr stride controls stride cross correlation attr padding controls amount implicit zero paddings sides attr padding number points dimension attr dilation controls spacing kernel points also known trous algorithm harder describe link nice visualization attr dilation attr groups controls connections inputs outputs attr channels attr channels must divisible attr groups groups 1 inputs convolved outputs groups 2 operation becomes equivalent two conv layers side side seeing half input channels producing half output channels subsequently concatenated groups attr channels input channel convolved set filters size math left lfloor frac channels channels right rfloor parameters attr kernel size attr stride attr padding attr dilation either single int case value used depth height width dimension tuple three ints case first int used depth dimension second int height dimension third int width dimension words input size math n c h w math channels c channels c times k args channels int number channels input image channels int number channels produced convolution kernel size int tuple size convolving kernel stride int tuple optional stride convolution default 1 padding int tuple optional zero padding added three sides input default 0 padding mode string optional accepted values zeros circular default zeros dilation int tuple optional spacing kernel elements default 1 groups int optional number blocked connections input channels output channels default 1 bias bool optional true adds learnable bias output default true input math n c h w output math n c h w math math math attributes weight tensor learnable weights module shape values weights sampled math k frac 1 c text prod 0 2 text kernel size bias tensor learnable bias module shape channels attr bias true values weights sampled math mathcal u sqrt k sqrt k math k frac 1 c text prod 0 2 text kernel size examples square kernels equal stride nn conv3d 16 33 3 stride 2 non square kernels unequal stride padding nn conv3d 16 33 3 5 2 stride 2 1 1 padding 4 2 0 input torch randn 20 16 10 50 100 output input
4870,ConvReLU3d,Summary,3,0,convrelu3d module fused module conv3d relu adopt interface class torch nn quantized conv3d note attributes torch nn quantized conv3d
2540,ConvertingTuple,Summary,3,0,converting tuple wrapper
2542,CookieConflictError,Summary,3,0,two cookies meet criteria specified cookie jar use get set include domain path args order specific
300,CryptPasswordHasher,Summary,3,1,password hashing using unix crypt recommended crypt module supported platforms
304,CustomArticleAdmin,Summary,3,0,tests various hooks using custom templates contexts
306,CustomCacheKeyValidationTests,Summary,3,0,tests ability mixin custom validate key method custom cache backend otherwise inherits builtin backend override default key validation
314,CustomHeaderRemoteUserTest,Parameters,2,0,tests custom remoteusermiddleware subclass custom http auth user
314,CustomHeaderRemoteUserTest,Summary,3,0,tests custom remoteusermiddleware subclass custom http auth user
4883,CyclicLR,Summary,3,1,sets learning rate parameter group according cyclical learning rate policy clr policy cycles learning rate two boundaries constant frequency detailed paper cyclical learning rates training neural networks distance two boundaries scaled per iteration per cycle basis cyclical learning rate policy changes learning rate every batch triangular basic triangular cycle without amplitude scaling triangular2 basic triangular cycle scales initial amplitude half cycle exp range cycle scales initial amplitude math text gamma text cycle iterations cycle iteration example optimizer torch optim sgd model parameters lr 01 momentum 09 scheduler torch optim lr scheduler cycliclr optimizer base lr 001 max lr 01 data loader torch utils data dataloader epoch range 10 batch data loader train batch scheduler step
1838,CythonCommand,Summary,3,0,custom distutils command subclassed cython distutils build ext compile pyx c stop
1844,DataIndexableCol,Summary,3,0,represent data column indexed
2546,DataViewSequence,Summary,3,0,sequence data views entry instance item class
318,DatabaseReceiver,Summary,3,0,used tests database argument signals 13552
2550,Date,Summary,3,0,date literal
321,DblFromGeom,Parameters,2,0,reference last argument
5005,DeQuantStub,Expand,1,0,dequantize stub module calibration identity swapped nnq dequantize convert
5005,DeQuantStub,Summary,3,1,dequantize stub module calibration identity swapped nnq dequantize convert
5011,DiagonalTensor,Summary,3,0,class torch function specific diagonal representation class limited utility mostly useful verifying dispatch mechanism works expected based diagonalarray example numpy documentation pytorch dispatch system happens via torch function diagonaltensor represents 2d tensor n rows columns diagonal entries set value entries set zero main functionality diagonaltensor provide compact
2555,DirectedGraph,Summary,3,0,graph structure directed edges
325,DisallowedModelAdminToField,Summary,3,0,invalid field passed admin view via url query string
1048,DisplayHook,Summary,3,0,custom ipython displayhook replace sys displayhook class many things basic idea callable gets called anytime user code returns value
2557,Distribution,Summary,3,0,base class distributions whether installed indexes either way must metadata needed construction
327,DjangoHTMLTranslator,Summary,3,0,django specific rest html tweaks
2563,DocumentErrorTree,Summary,3,1,implements dict like class query errors indexes following
1054,DummyMod,Summary,3,0,dummy module used ipython interactive module namespace must assigned module dict
329,Dumpdata,Summary,3,1,tests dumpdata management command
2806,EOF,Summary,3,0,usually means child exited
331,EarliestOrLatestTests,Summary,3,0,tests earliest latest objects methods
5053,EmbeddingBag,Summary,3,0,computes sums means bags embeddings without instantiating intermediate embeddings bags constant length attr per sample weights class mode sum equivalent class torch nn embedding followed torch sum dim 0 mode mean equivalent class torch nn embedding followed torch mean dim 0 mode max equivalent class torch nn embedding followed torch max dim 0 however class torch nn embeddingbag much time memory efficient using chain operations embeddingbag also supports per sample weights argument forward pass scales output embedding performing weighted reduction specified mode attr per sample weights passed supported mode sum computes weighted sum according attr per sample weights args num embeddings int size dictionary embeddings embedding dim int size embedding vector max norm float optional given embedding vector norm larger attr max norm renormalized norm attr max norm norm type float optional p p norm compute attr max norm option default 2 scale grad freq boolean optional given scale gradients inverse frequency words mini batch default false mode string optional sum mean max specifies way reduce bag sum computes weighted sum taking attr per sample weights consideration mean computes average values bag max computes max value bag default mean sparse bool optional true gradient w r attr weight matrix sparse tensor see notes details regarding sparse gradients note option supported mode max attributes weight tensor learnable weights module shape num embeddings embedding dim initialized math mathcal n 0 1 inputs attr input longtensor attr offsets longtensor optional attr per index weights tensor optional attr input 2d shape b n treated b bags sequences fixed length n return b values aggregated way depending attr mode attr offsets ignored required none case attr input 1d shape n treated concatenation multiple bags sequences attr offsets required 1d tensor containing starting index positions bag attr input therefore attr offsets shape b attr input viewed b bags empty bags ie 0 length returned vectors filled zeros per sample weights tensor optional tensor float double weights none indicate weights taken 1 specified attr per sample weights must exactly shape input treated attr offsets none supported mode sum examples embedding module containing 10 tensors size 3 embedding sum nn embeddingbag 10 3 mode sum batch 2 samples 4 indices input torch longtensor 1 2 4 5 4 3 2 9 offsets torch longtensor 0 4 embedding sum input offsets tensor 08861 54350 00523 11306 25798 10044
1438,EncryptedIntDict,Summary,3,0,encrypteddict deals signed 64 bit int values also adds working keys function
1442,EncryptedUnicodeDict,Summary,3,0,encrypteddict deals unicode values
5196,EnforceUnique,Summary,3,0,raises error key seen
2568,Environment,Expand,1,1,contains important shared variables like configuration filters tests globals others instances class may modified shared template loaded far modifications environments first template loaded lead surprising effects undefined behavior possible initialization parameters block start string string marking beginning block defaults block end string string marking end block defaults variable start string string marking beginning print statement defaults variable end string string marking end print statement defaults comment start string string marking beginning comment comment end string string marking end comment line statement prefix given string used prefix line based statements see also ref line statements line comment prefix given string used prefix line based comments see also ref line statements versionadded 22 trim blocks set true first newline block removed block variable tag lstrip blocks set true leading spaces tabs stripped start line block newline sequence sequence starts newline must one r n r n default n useful default linux os x systems well web applications keep trailing newline preserve trailing newline rendering templates default false causes single newline present stripped end template versionadded 27 extensions either import paths strings extension classes information optimized optimizer enabled default true undefined finalize callable used process result variable expression output example one convert none implicitly empty string autoescape set true xml html autoescaping feature enabled default details autoescaping see class jinja2 utils markup jinja 24 also callable passed template name versionchanged 24 loader cache size size cache per default 400 means least recently used template 1 cache cleaned versionchanged 28 auto reload sources may change ie file system database reload template higher performance possible disable bytecode cache cache internal jinja bytecode templates enable async take advantage newer python features requires python 36 later
5198,Error,Summary,3,0,error section output cuda memcheck error report error message backtrace
337,ErrorDict,Summary,3,0,collection errors knows display various formats dictionary keys field names values errors
1444,Event,Summary,3,0,single event event log actual interpretation rendering events handled respective source class
1846,ExcelFile,Summary,3,0,class parsing tabular excel sheets dataframe objects uses xlrd see read excel documentation parameters io str path object pathlib path py path local localpath file like object xlrd workbook openpypl workbook string path object expected path xls xlsx odf file engine str default none io buffer path must set identify io acceptable values none xlrd openpyxl odf note odf reads tables opendocument formatted files
2808,ExceptionPexpect,Summary,3,0,base class exceptions raised module
341,ExceptionThatFailsUnpickling,Summary,3,0,pickling class fails unpickling error incorrect arguments passed init
5209,ExceptionWrapper,Summary,3,0,wraps exception plus traceback communicate across threads
5211,ExternalInitializer,Usage,4,1,class used cases parameter initialized initializer rather provided workspace param init net executed current version real sanity checks parameter
2810,ExtractError,Summary,3,0,general exception extract errors
2812,FakeFile,Summary,3,0,wrap list lines object readline make
345,FakePayload,Summary,3,0,wrapper around bytesio restricts read since data network sought cannot read outside content length makes sure views anything test client work real life
355,FallbackStorage,Expand,1,0,try store messages first backend store unstored messages subsequent backend
2824,FileMetadata,Expand,1,0,metadata handler standalone pkg info files usage metadata filemetadata path pkg info provider rejects data metadata requests except pkg info treated existing contents file provided location metadata handler standalone pkg info files usage metadata filemetadata path pkg info provider rejects data metadata requests except pkg info treated existing contents file provided location
2824,FileMetadata,Summary,3,1,metadata handler standalone pkg info files usage metadata filemetadata path pkg info provider rejects data metadata requests except pkg info treated existing contents file provided location metadata handler standalone pkg info files usage metadata filemetadata path pkg info provider rejects data metadata requests except pkg info treated existing contents file provided location
2848,FileSystemLoader,Summary,3,0,loads templates file system loader find templates folders file system preferred way load loader takes path templates string multiple locations wanted list looked given order loader filesystemloader path templates per default template encoding utf 8 changed setting encoding parameter something else follow symbolic links set followlinks parameter true loader filesystemloader path templates followlinks true
2873,Filter,Summary,3,1,alphabetizes attributes elements
2875,Filter_,Summary,3,1,sanitizes token stream xhtml mathml svg inline style attributes
5219,FisherSnedecor,Summary,3,0,creates fisher snedecor distribution parameterized attr df1 attr df2 example fishersnedecor torch tensor 10 torch tensor 20 sample fisher snedecor distributed df1 1 df2 2 tensor 02453 args df1 float tensor degrees freedom parameter 1 df2 float tensor degrees freedom parameter 2
2877,FollowedBy,Summary,3,0,lookahead matching given parse expression followedby advance parsing position within input string verifies specified parse expression matches current position followedby always returns null token list results names defined lookahead expression returned access name example use followedby match label followed data word word alphas label data word followedby attr expr group label suppress oneormore data word stopon label setparseaction join oneormore attr expr parsestring shape square color black posn upper left pprint prints shape square color black posn upper left
361,FootNote,DevelopmentNotes,0,0,model added ticket 19838
1450,Forward,Summary,3,0,create forwarding drafts one messages
363,FrenchTestCase,Summary,3,0,tests using french translations sampleproject
371,GZipMiddleware,Summary,3,0,accept encoding header
1058,GeoJSON,Summary,3,0,geojson expects json able dict already serialized json string scalar types none number string allowed dict containers
2927,Getattr,Usage,4,0,get attribute item expression ascii bytestring prefer attribute
367,Group,Summary,3,0,table column fields
1452,Group_,Summary,3,0,view groups
2999,HTMLParser,Summary,3,0,html parser generates tree structure stream possibly malformed html
3003,HTTPError,Summary,3,0,http error occurred
1454,HashCash,Summary,3,0,try collide hash using smtorp algorithm
2931,HashMissing,Summary,3,1,hash needed requirement absent
2936,HebrewProber,DevelopmentNotes,0,0,two sbcharsetprobers identify text fact kind hebrew logical visual scores two sbcharsetprobers produce final answer reduces sequence characters single space built hebrewprober using language model disjointed model probers results hebrewprober alone meaningless
1064,HelpEnd,Summary,3,0,transformer help syntax obj obj
374,HiddenRangeWidget,Summary,3,0,widget splits input two input type hidden inputs
1068,HistoryAccessor,Summary,3,0,access history database without adding intended use standalone history tools ipython shells use historymanager subclass
1870,Holiday,Summary,3,0,class defines holiday start end dates rules observance
1095,IPythonInputSplitter,Summary,3,1,input splitter recognizes ipython special syntax
376,ImageFileDescriptor,Summary,3,0,like filedescriptor imagefields difference assigning width height width field height field appropriate
382,IncompleteCategoryFormWithExclude,Summary,3,0,form replaces model url field custom one
386,Individual,Summary,3,0,model fk registered admin corresponding raw id widget magnifying glass link select related instances rendering called programmatically case
397,InputStreamExhausted,Expand,1,0,reads allowed device
397,InputStreamExhausted,Summary,3,0,reads allowed device
3006,InsecurePlatformWarning,Summary,3,0,warned certain ssl configuration available platform
3008,InspectedValidator,Summary,3,0,metaclass validators
3012,InstalledDistribution,Usage,4,0,reads metadata contained pydist json instantiated uses passed metadata instance useful dry run mode used
400,IntFromGeom,DevelopmentNotes,0,1,argument geometry return type integer
400,IntFromGeom,Parameters,2,1,argument geometry return type integer
1874,IntegerArray,Summary,3,0,array integer optional missing values integerarray currently experimental api internal represent integerarray 2 numpy arrays data contains numpy integer array appropriate dtype mask boolean array holding mask data true missing construct integerarray generic array like input use func pandas array one integer dtypes see examples parameters values numpy ndarray 1 integer dtype array mask numpy ndarray 1 boolean dtype array indicating missing values copy bool default false whether copy values mask attributes none methods none returns integerarray examples create integerarray func pandas array int array pd array 1 none 3 dtype pd int32dtype int array integerarray 1 nan 3 length 3 dtype int32 string aliases dtypes also available capitalized pd array 1 none 3 dtype int32 integerarray 1 nan 3 length 3 dtype int32 pd array 1 none 3 dtype uint16 integerarray 1 nan 3 length 3 dtype uint16
1078,InteractiveShellApp,Summary,3,0,part configuring shell environment following methods called meth initialize method subclass meth init path meth init shell implemented subclass meth init gui pylab meth init extensions meth init code
3019,InternalName,Summary,3,0,internal name compiler cannot create nodes parser provides meth jinja2 parser parser free identifier method creates new identifier identifier available template threated specially compiler
1958,IntervalDtype,Summary,3,0,extensiondtype interval data actual numpy dtype duck type parameters subtype str np dtype dtype interval bounds attributes subtype methods none examples pd intervaldtype subtype int64 interval int64
403,InvalidBasesError,Summary,3,0,model base classes resolved
3033,InvalidDateError,Summary,3,0,date field improperly specified
5931,InvalidHeader,Summary,3,1,header value provided somehow invalid
3035,InvalidHeaderError,Summary,3,0,exception invalid headers
3037,InvalidVersion,Summary,3,0,invalid version found users refer pep 440
3037,InvalidVersion,Usage,4,0,invalid version found users refer pep 440
405,KMLSitemap,Summary,3,0,minimal hook produce kml sitemaps
3040,Kanji,Summary,3,0,unicode set kanji unicode character range
3042,Katakana,Summary,3,0,unicode set katakana unicode character range
3044,KeyType,Summary,3,0,type key keys bare unquoted quoted using basic literal quotes following escaping rules single line stringtype
5243,LBFGS,Summary,3,0,implements l bfgs algorithm heavily inspired minfunc note memory intensive optimizer requires additional param bytes history size 1 bytes fit memory try reducing history size use different algorithm arguments lr float learning rate default 1 max iter int maximal number iterations per optimization step default 20 max eval int maximal number function evaluations per optimization step default max iter 125 tolerance grad float termination tolerance first order optimality default 1e 5 tolerance change float termination tolerance function value parameter changes default 1e 9 history size int update history size default 100 line search fn str either strong wolfe none default none
3062,LRUCache,Summary,3,0,simple lru cache implementation fast small capacities something 1000 scale long used storage templates harm
5235,LastNWindowCollector,Summary,3,0,collect last n samples input record complex data use packrecords pack using layer layer thread safe
1097,LazyEvaluate,DevelopmentNotes,0,0,used formatting strings values need updated time current time working directory
407,ListMixin,Summary,3,0,base class provides complete list interface derived classes must call listmixin init function implement following function get single external self return single item index general use index always satisfy 0 len self function get single internal self use within class optional note get single internal get single internal return different types objects set list must distinguish two handle appropriately function set list self length items recreate entire object note items may generator calls get single internal therefore necessary cache values temporary temp list items clobbering original storage function set single self value set single item index value optional left undefined mutations result rebuilding object using set list function len self return length int minlength minimum legal length optional int maxlength maximum legal length optional type tuple allowed type tuple allowed item types optional
1456,ListTags,Summary,3,0,list tags
3052,LockFailed,Summary,3,0,lock file creation failed reason try raise lockfailed except lockerror pass
465,LogoutThenLoginTests,Summary,3,0,tests logout login view
1101,Magics,Summary,3,1,base class implementing magic functions shell functions reached function name make functions easier type eg cd vs cd classes providing magic functions need subclass class must use method decorators line magic cell magic decorate individual methods magic functions use class decorator magics class ensure magic methods properly registered instance level upon instance initialization
1458,MailpileJinjaLoader,Summary,3,0,jinja2 template loader uses mailpile configuration plugin system find template files
1462,MailpileMailbox,Summary,3,0,maildir class windows using instead filenames
1466,MailpileVFS,Summary,3,0,router object implements vfs interface delegating calls individual implementations
467,MakeListTests,Expand,1,0,make list filter destroy existing escaping results escaped
471,ManagementForm,Summary,3,0,keep track many form instances displayed page
3072,Markup,Summary,3,0,string ready safely inserted html xml document either escaped marked safe passing object constructor converts text wraps mark safe without escaping escape text use meth escape class method instead markup hello em world em markup hello em world em markup 42 markup 42 markup escape hello em world em markup hello lt em gt world lt em gt implements html interface frameworks use passing object implements html wrap output method marking safe class foo def html self return href foo foo markup foo markup href foo foo subclass text type str python 3 unicode python 2 methods type methods escape arguments return markup instance markup em em foo bar markup em foo amp bar em markup em hello em foo markup em hello em lt foo gt
3161,MemcachedBytecodeCache,Summary,3,0,class implements bytecode cache uses memcache cache storing information enforce specific memcache library tummy memcache cmemcache accept class provides minimal interface required minimal interface client passed constructor class minimalclientinterface method set key value timeout stores bytecode cache value string timeout timeout key timeout provided default timeout timeout assumed provided integer number seconds cache item exist method get key returns value cache key item exist cache return value must none arguments constructor prefix keys added actual cache key timeout bytecode cache system recommend high timeout
476,MemcachedCache,Summary,3,0,implementation cache binding using python memcached
3222,MemoizedZipManifests,Summary,3,0,memoized zipfile manifests
478,MemoryFileUploadHandler,Summary,3,0,file upload handler stream uploads memory used small files
3224,MetadataMissingError,Summary,3,0,required metadata missing
3226,MethodDispatcher,Summary,3,0,dict 2 special properties initiation keys lists sets tuples converted multiple keys accessing one items original list like object returns matching value default value set default attribute
480,Migration,Summary,3,0,base class migrations one following attributes operations list operation instances probably django db migrations operations dependencies list tuples app path migration name run list tuples app path migration name replaces list migration names
504,MigrationGraph,Summary,3,0,represent digraph migrations project migration node dependency edge implicit dependencies numbered migrations numbering merely convention aid file listing migrations files marked replacing another set migrations support squash feature graph handler responsible instead code load examine migration files replaced migrations either unapplied present ignore replaced ones load replacing migration repoint dependencies pointed replaced migrations point replacing one node tuple app path migration name
538,MigrationLoader,Summary,3,1,load migration files disk status database initialization class scan directories open read python files looking class called migration inherit django db migrations migration see django db migrations migration looks like migrations marked replacing another set migrations loaded separate set migrations away main ones migrations replace either unapplied missing disk injected main set replacing named migrations dependency pointers replaced migrations pointed new migration mean class must also talk database well disk probably fine already operating memory
574,MigrationQuestioner,Summary,3,1,give autodetector responses questions might base class built noninteractive mode interactive subclass command line arguments use
582,MigrationWriter,Summary,3,1,take migration instance able produce contents migration file
586,ModelBase,Summary,3,1,metaclass models
588,ModelSignal,Summary,3,1,signal subclass allows sender lazily specified string app label modelname form
5287,Module,Summary,3,1,base class neural network modules modules also contain modules allowing nest tree structure assign submodules regular attributes import torch nn nn import torch nn functional f class model nn module def init self super model self init self conv1 nn conv2d 1 20 5 self conv2 nn conv2d 20 20 5 def forward self x x f relu self conv1 x return f relu self conv2 x submodules assigned way registered parameters converted call meth etc
3240,Module_six_moves_urllib_parse,Summary,3,0,lazy loading moved objects six moves urllib parse
3242,Module_six_moves_urllib_request,Summary,3,0,lazy loading moved objects six moves urllib request
3244,Module_six_moves_urllib_response,Summary,3,0,lazy loading moved objects six moves urllib response
1470,MoveFilter,Summary,3,0,move auto tagging rule
3246,Mul,Summary,3,0,multiplies left right node
5322,MultiLabelMarginLoss,Summary,3,0,creates criterion optimizes multi class multi classification hinge loss margin based loss input math x 2d mini batch tensor output math 2d tensor target class indices sample mini batch math text loss x sum ij frac max 0 1 x j x text x size 0 criterion considers contiguous block non negative targets starts front allows different samples variable amounts target classes args size average bool optional deprecated see attr reduction default losses averaged loss element batch note losses multiple elements per sample field attr size average set false losses instead summed minibatch ignored reduce false default true reduce bool optional deprecated see attr reduction losses averaged summed observations minibatch depending attr size average attr reduce false returns loss per batch element instead ignores attr size average default true reduction string optional specifies reduction apply output none mean sum none reduction applied mean sum output divided number elements output sum output summed note attr size average attr reduce process deprecated meantime default mean input math c math n c n batch size c target math c math n c label targets padded 1 ensuring shape input attr reduction none math n examples loss nn multilabelmarginloss x torch floattensor 01 02 04 08 target consider labels 3 0 label 1 torch longtensor 3 0 1 1 loss x 025 1 01 02 1 01 04 1 08 02 1 08 04 tensor 08500
592,MultiPartParser,Summary,3,1,rfc2388 multipart form data parser multivaluedict parse reads input stream chunk size chunks returns tuple multivaluedict post multivaluedict files
598,MultiValueDict,Summary,3,0,subclass dictionary customized handle multiple values key multivaluedict name adrian simon position developer name simon getlist name getlist doesnotexist get lastname nonexistent nonexistent setlist lastname holovaty willison class exists solve irritating problem raised cgi parse qs returns list every key even though web forms submit single name value pairs
633,MultiValueField,Summary,3,0,aggregate logic multiple fields clean method takes decompressed list values cleaned single value according self fields value list cleaned corresponding field first value cleaned first field second value cleaned second field etc fields cleaned list clean values compressed single value
654,MultiWidget,Summary,3,0,widget composed multiple widgets addition values added widget get context widget adds list subwidgets context widget subwidgets looped rendered like normal widgets
1132,MyFrame,Summary,3,0,myframe shows controls wxpanel simple menu
663,MyModel,Summary,3,0,model subclass custom base using metaclass
3248,NativeEnvironment,Summary,3,0,environment renders templates native python types
665,NestedObjectsTests,Summary,3,0,tests nestedobject utility collection
5426,NetModifier,Summary,3,1,abstraction class supporting modifying generated net inherited classes implement modify net method related operators added net example usage modifier somenetmodifier opts modifier net
3252,NoMatch,Summary,3,0,token never match
3250,Node,Summary,3,0,represents item tree
1982,NonConsolidatableMixIn,Summary,3,0,hold methods nonconsolidatable blocks
3254,NotAny,Summary,3,0,lookahead disallow matching given parse expression notany advance parsing position within input string verifies specified parse expression match current position also notany skip leading whitespace notany always returns null token list may constructed using operator example map caselesskeyword split take care mistake keywords identifiers ident word alphas boolean term optional ident crude boolean expression support parenthesis groups operation hierarchy use infixnotation boolean expr boolean term zeroormore boolean term integers followed actually floats integer word nums char
3294,NotMyLock,Summary,3,0,raised attempt made unlock file someone else locked try raise notmylock except unlockerror pass
1138,Obj,Summary,3,0,namespace hold arbitrary information
1472,OldPostingList,Summary,3,0,posting list map search terms message ids
5438,OneHotCategorical,Summary,3,0,creates one hot categorical distribution parameterized attr probs attr logits samples one hot coded vectors size probs size 1 note attr probs must non negative finite non zero sum normalized sum 1 attr probs attr logits example onehotcategorical torch tensor 025 025 025 025 sample equal probability 0 1 2 3 tensor 0 0 0 1 args probs tensor event probabilities logits tensor event log probabilities
667,Operation,Summary,3,0,base class migration operations responsible mutating memory model state see db migrations state py represent performs well actually performing live database
3385,Option,Summary,3,0,options usually optional values command line extra features arguments parameters passed onwards parameter constructor param show default controls default value shown help page normally defaults shown value string shows string instead value particularly useful dynamic options param show envvar controls environment variable shown normally environment variables shown param prompt set true non empty string user prompted input set true prompt option name capitalized param confirmation prompt set value need confirmed prompted hidden user useful password input param flag forces option act flag default auto detection param flag value value used flag enabled set boolean automatically option string contains slash mark two options param multiple set true argument accepted multiple times recorded similar nargs works supports arbitrary number arguments param count flag makes option increment integer param allow autoenv enabled value parameter pulled environment variable case prefix defined context param help help string param hidden hide option help outputs
680,OverwritingStorage,Summary,3,0,overwrite existing files instead appending suffix generate unused name
3471,PacifyFlushWrapper,Expand,1,0,wrapper used catch suppress brokenpipeerrors resulting flush called broken pipe shutdown final gc python interpreter notably flush always called sys stdout sys stderr minimal impact cleanup code case underlying file broken pipe calls attributes proxied
3471,PacifyFlushWrapper,Summary,3,0,wrapper used catch suppress brokenpipeerrors resulting flush called broken pipe shutdown final gc python interpreter notably flush always called sys stdout sys stderr minimal impact cleanup code case underlying file broken pipe calls attributes proxied
3490,PackageIndex,Summary,3,0,represents package index provides easier access endpoints
685,ParentWithDependentChildren,Summary,3,0,model validation child foreign key relationships depends validation parent
3492,ParseError,Summary,3,0,error occurs parser encounters syntax error toml parsed
3499,ParseFatalException,DevelopmentNotes,0,1,user throwable exception thrown inconsistent parse content found stops parsing immediately
3505,ParseResultBytes,Summary,3,0,compatibility shim urlparse parseresultbytes object
3507,ParseResults,Summary,3,0,structured parse results provide multiple means access parsed data list len results list index results 0 results 1 etc attribute results resultsname see class parserelement setresultsname example integer word nums date str integer setresultsname year integer setresultsname month integer setresultsname day equivalent form date str integer year integer month integer day parsestring returns parseresults object result date str parsestring 1999 12 31 def test fn repr print fn eval test list result test result 0 test result month test result day test month result test minutes result test result dump str prints list result 1999 12 31 result 0 1999 result month 12 result day 31 month result true minutes result false result dump 1999 12 31 day 31 month 12 year 1999
3503,ParserElement,Summary,3,0,abstract base level parser element class
3601,Path,Parameters,2,1,path type similar class file type performs different checks first instead returning open file handle returns filename secondly perform various basic checks file directory param exists set true file directory needs exist value valid required file indeed exist checks silently skipped param file okay controls file possible value param dir okay controls directory possible value param readable true readable check performed param resolve path true path fully resolved value passed onwards means expand tilde prefix supposed done shell param allow dash set true single dash indicate param path type optionally string type used represent path default none unicode depending makes sense given
3601,Path,Summary,3,1,path type similar class file type performs different checks first instead returning open file handle returns filename secondly perform various basic checks file directory param exists set true file directory needs exist value valid required file indeed exist checks silently skipped param file okay controls file possible value param dir okay controls directory possible value param readable true readable check performed param resolve path true path fully resolved value passed onwards means expand tilde prefix supposed done shell param allow dash set true single dash indicate param path type optionally string type used represent path default none unicode depending makes sense given
689,Permission,Summary,3,0,permissions system provides way assign permissions specific users groups users permission system used django admin site may also useful code django admin site uses permissions follows add permission limits user ability view add form add object change permission limits user ability view change list view change form change object delete permission limits ability delete object view permission limits ability view object permissions listed automatically created model
3663,PipError,Summary,3,1,base pip exception
1984,PlotAccessor,Parameters,2,0,make plots series dataframe uses backend specified option plotting backend default matplotlib used parameters data series dataframe object method called x label position default none used data dataframe label position list label positions default none allows plotting one column versus another used data dataframe kind str kind plot produce line line plot default bar vertical bar plot barh horizontal bar plot hist histogram box boxplot kde kernel density estimation plot density kde area area plot pie pie plot scatter scatter plot hexbin hexbin plot figsize tuple width height inches use index bool default true use index ticks x axis title str list title use plot string passed print string top figure list passed subplots true print item list corresponding subplot grid bool default none matlab style default axis grid lines legend bool reverse place legend axis subplots style list dict matplotlib line style per column logx bool sym default false use log scaling symlog scaling x axis versionchanged 025 0 logy bool sym default false use log scaling symlog scaling axis versionchanged 025 0 loglog bool sym default false use log scaling symlog scaling x axes versionchanged 025 0 xticks sequence values use xticks yticks sequence values use yticks xlim 2 tuple list ylim 2 tuple list rot int default none rotation ticks xticks vertical yticks horizontal plots fontsize int default none font size xticks yticks colormap str matplotlib colormap object default none colormap select colors string load colormap name matplotlib colorbar bool optional true plot colorbar relevant scatter hexbin plots position float specify relative alignments bar plot layout 0 left bottom end 1 right top end default 05 center table bool series dataframe default false true draw table using data dataframe data transposed meet matplotlib default layout series dataframe passed use passed data draw table yerr dataframe series array like dict str see ref plotting error bars visualization errorbars detail xerr dataframe series array like dict str equivalent yerr mark right bool default true using secondary axis automatically mark column labels right legend include bool bool default false true boolean values plotted backend str default none backend use instead backend specified option plotting backend instance matplotlib alternatively specify plotting backend whole session set versionadded 10 0 kwargs options pass matplotlib plotting method returns class matplotlib axes axes numpy ndarray backend default matplotlib one return value object returned backend notes see matplotlib documentation online subject kind bar barh specify relative alignments bar plot layout position keyword 0 left bottom end 1 right top end default 05 center
1984,PlotAccessor,Summary,3,0,make plots series dataframe uses backend specified option plotting backend default matplotlib used parameters data series dataframe object method called x label position default none used data dataframe label position list label positions default none allows plotting one column versus another used data dataframe kind str kind plot produce line line plot default bar vertical bar plot barh horizontal bar plot hist histogram box boxplot kde kernel density estimation plot density kde area area plot pie pie plot scatter scatter plot hexbin hexbin plot figsize tuple width height inches use index bool default true use index ticks x axis title str list title use plot string passed print string top figure list passed subplots true print item list corresponding subplot grid bool default none matlab style default axis grid lines legend bool reverse place legend axis subplots style list dict matplotlib line style per column logx bool sym default false use log scaling symlog scaling x axis versionchanged 025 0 logy bool sym default false use log scaling symlog scaling axis versionchanged 025 0 loglog bool sym default false use log scaling symlog scaling x axes versionchanged 025 0 xticks sequence values use xticks yticks sequence values use yticks xlim 2 tuple list ylim 2 tuple list rot int default none rotation ticks xticks vertical yticks horizontal plots fontsize int default none font size xticks yticks colormap str matplotlib colormap object default none colormap select colors string load colormap name matplotlib colorbar bool optional true plot colorbar relevant scatter hexbin plots position float specify relative alignments bar plot layout 0 left bottom end 1 right top end default 05 center table bool series dataframe default false true draw table using data dataframe data transposed meet matplotlib default layout series dataframe passed use passed data draw table yerr dataframe series array like dict str see ref plotting error bars visualization errorbars detail xerr dataframe series array like dict str equivalent yerr mark right bool default true using secondary axis automatically mark column labels right legend include bool bool default false true boolean values plotted backend str default none backend use instead backend specified option plotting backend instance matplotlib alternatively specify plotting backend whole session set versionadded 10 0 kwargs options pass matplotlib plotting method returns class matplotlib axes axes numpy ndarray backend default matplotlib one return value object returned backend notes see matplotlib documentation online subject kind bar barh specify relative alignments bar plot layout position keyword 0 left bottom end 1 right top end default 05 center
5464,Poisson,Summary,3,0,creates poisson distribution parameterized attr rate rate parameter samples nonnegative integers pmf given math example poisson torch tensor 4 sample tensor 3 args rate number tensor rate parameter
3665,PoolManager,Summary,3,0,allows arbitrary requests transparently keeping track necessary connection pools param num pools number connection pools cache discarding least recently used pool param headers headers include requests unless headers given explicitly param connection pool kw additional parameters used create fresh class urllib3 connectionpool connectionpool instances example manager poolmanager num pools 2 r manager request get http google com r manager request get http yahoo com len manager pools
3699,PrefixLoader,Summary,3,0,loader passed dict loaders loader bound prefix prefix delimited template slash per default changed setting delimiter argument something else loader prefixloader app1 packageloader mypackage app1 app2 packageloader mypackage app2 loading app1 index html file app1 package loaded loading app2 index html file second
5933,PreparedRequest,Summary,3,0,fully mutable class preparedrequest preparedrequest object containing exact bytes sent server generated either class request request object manually usage import requests req requests request get https httpbin org get r req prepare r preparedrequest get requests session send r response 200
3722,ProcessedTraceback,Summary,3,0,holds jinja preprocessed traceback printing reraising
723,ProxyModelInheritanceTests,Summary,3,0,proxy model inheritance across apps result migrate creating table proxied model described 12286 test creates two dummy apps calls migrate verifies table created
3724,PyPIJSONLocator,Expand,1,0,locator uses pypi json interface
5487,QuantWrapper,Summary,3,0,wrapper class wraps input module adds quantstub dequantstub surround call module call quant dequant modules used quantization utility functions add quant dequant modules convert function quantstub observer observes input tensor convert quantstub swapped nnq quantize actual quantization similarly dequantstub
731,RawPostDataException,Summary,3,0,cannot access raw post data request multipart post data accessed via post files etc
3728,ReadError,Summary,3,0,raised archive cannot read
742,RemoteTestRunner,Summary,3,0,run tests record everything display anything
3730,Request,Summary,3,0,user created class request request object used prepare class preparedrequest preparedrequest sent server param method http method use param url url send param headers dictionary headers send param files dictionary filename fileobject files multipart upload param data body attach request dictionary list tuples key value provided form encoding take place param json json body attach request files data specified param params url parameters append url dictionary list tuples key value provided form encoding take place param auth auth handler user pass tuple param cookies dictionary cookiejar cookies attach request param hooks dictionary callback hooks internal usage usage import requests req requests request get https httpbin org get req prepare preparedrequest get
745,RequestFactoryEnvironmentTests,Expand,1,0,regression tests 8551 17067 ensure environment variables set correctly requestfactory
745,RequestFactoryEnvironmentTests,Summary,3,0,regression tests 8551 17067 ensure environment variables set correctly requestfactory
3780,RequirementUninstaller,Summary,3,0,context manager remove package inner block uses uninstallpathset control workflow inner block exits correctly uninstallation committed otherwise rolled back
3778,RequirementsFileParseError,Summary,3,0,raised general error occurs parsing requirements file line
3788,RequiresPythonCache,Summary,3,0,cache candidate requires python information
5505,ResNetBuilder,Summary,3,1,helper class constructing residual blocks
1474,Rescan,Summary,3,1,add new messages index
3790,Resource,Summary,3,0,class representing package resource data file normally instantiated user code rather class resourcefinder manages resource
3798,ResourceFinder,Summary,3,0,resource finder file system resources
3800,ResourceManager,Summary,3,0,manage resource extraction packages
5957,Response,Summary,3,0,class response response object contains server response http request
3802,ResponseError,Usage,4,1,used container error reason supplied maxretryerror
3804,ResponseNotChunked,Usage,4,0,response needs chunked order read chunks
3806,Retry,Summary,3,0,retry configuration retry attempt create new retry object updated values safely reused retries defined default pool retries retry connect 5 read 2 redirect 5 http poolmanager retries retries response http request get http example com per request overrides default pool retries disabled passing false param int total total number retries allow takes precedence counts set none remove constraint fall back counts good idea set sensibly high value account unexpected edge cases avoid infinite retry loops set 0 fail first retry set false disable imply raise redirect false param int connect many connection related errors retry errors raised request sent remote server set 0 fail first retry type param int read many times retry read errors errors raised request sent server request may side effects set 0 fail first retry type param int redirect many redirects perform limit avoid infinite redirect loops redirect http response status code 301 302 303 307 308 set 0 fail first retry type set false disable imply raise redirect false param int status many times retry bad status codes retries made responses status code matches status forcelist set 0 fail first retry type param iterable method whitelist set uppercased http method verbs retry default retry methods considered idempotent multiple requests parameters end state see attr retry default method whitelist set false value retry verb param iterable status forcelist set integer http status codes force retry retry initiated request method method whitelist default disabled none param float backoff factor backoff factor apply attempts second try errors resolved immediately second try without delay urllib3 sleep backoff factor 2 number total retries 1 seconds backoff factor 01 func sleep sleep 00s 02s 04s retries never longer attr retry backoff max default backoff disabled set 0 param bool raise redirect whether number redirects exhausted raise maxretryerror return response response code 3xx range param bool raise status similar meaning raise redirect whether raise exception return response status falls status forcelist range retries exhausted param tuple history history request encountered call meth retry increment list order requests occurred list item class class requesthistory param bool respect retry header whether respect retry header status codes defined attr retry retry status codes param iterable remove headers redirect sequence headers remove request response indicating redirect returned firing redirected request
751,ReverseGenericManyToOneDescriptor,Summary,3,0,accessor related objects manager one many relation created genericrelation example class post model comments genericrelation comment post comments reversegenericmanytoonedescriptor instance
1140,RichPromptDisplayHook,Summary,3,0,subclass base display hook using coloured prompt
5507,SGD,Summary,3,0,implements stochastic gradient descent optionally momentum nesterov momentum based formula importance initialization momentum deep learning args params iterable iterable parameters optimize dicts defining parameter groups lr float learning rate momentum float optional momentum factor default 0 weight decay float optional weight decay l2 penalty default 0 dampening float optional dampening momentum default 0 nesterov bool optional enables nesterov momentum default false example optimizer torch optim sgd model parameters lr 01 momentum 09 optimizer zero grad loss fn model input target backward optimizer step
2234,SQLTable,Summary,3,0,mapping pandas tables sql tables uses fact table reflected sqlalchemy better type conversions also holds various flags needed avoid pass functions time
2230,SQLiteTable,Summary,3,0,patch sqltable fallback support instead table variable use create table statement
3982,SafeFileCache,Summary,3,0,file based cache safe use even target directory may accessible writable
763,SameAsLookup,Expand,1,0,operator operator tests actual geometric equality two features b feature vertex vertex operator returns true
763,SameAsLookup,Summary,3,0,operator operator tests actual geometric equality two features b feature vertex vertex operator returns true
3986,SchemaValidatorMixin,Summary,3,0,validator mixin provides mechanics validate schemas passed cerberus validator
2210,SelectNSeries,Summary,3,0,implement n largest smallest series parameters obj series n int keep first last default first returns nordered series
778,Serializer,Summary,3,0,convert queryset json
3990,Session,Summary,3,0,requests session provides cookie persistence connection pooling configuration basic usage import requests requests session get https httpbin org get response 200 context manager requests session get https httpbin org get response 200
780,SessionStorage,Summary,3,0,store messages session django contrib sessions
782,SessionStore,Expand,1,1,database session store handles updating account id column inside custom session model
782,SessionStore,Summary,3,0,database session store handles updating account id column inside custom session model
2224,SetopCheck,DevelopmentNotes,0,0,called decorate set operations intervalindex perform type check advance
2224,SetopCheck,Summary,3,0,called decorate set operations intervalindex perform type check advance
5559,SharedCache,Summary,3,0,dictionary multiprocessing handles storageweakref
787,SimpleView,Summary,3,0,simple view docstring
4012,SkipTo,Summary,3,0,token skipping undefined text matched expression found parameters expr target expression marking end data skipped include default false true target expression also parsed skipped text target expression returned 2 element list ignore default none used define grammars typically quoted strings comments might contain false matches target expression failon default none define expressions allowed included skipped test found target expression found skipto match example report severity description days open 101 critical intermittent system crash 6 94 cosmetic spelling error login log n 14 integer word nums sep suppress use skipto simply match everything next sep ignore quoted strings character inside quoted string match parse action call token strip matched token ie description body string data skipto sep ignore quotedstring string data setparseaction tokenmap str strip ticket expr integer issue num sep string data sev sep string data desc sep integer days open print tkt dump prints 101 critical intermittent system crash 6 days open 6 desc intermittent system crash issue num 101 sev critical 94 cosmetic spelling error login log n 14 days open 14 desc spelling error login log n issue num 94 sev cosmetic days open 47 issue num 79 sev minor
789,SpatialRefSysMixin,DevelopmentNotes,0,1,spatialrefsysmixin class used database dependent spatialrefsys objects reduce redundant code
789,SpatialRefSysMixin,Summary,3,1,spatialrefsysmixin class used database dependent spatialrefsys objects reduce redundant code
795,SplitHiddenDateTimeWidget,Summary,3,0,widget splits datetime input two input type hidden inputs
5563,StackTransform,Summary,3,0,transform functor applies sequence transforms tseq component wise submatrix dim way compatible func torch stack example x torch stack torch range 1 10 torch range 1 10 dim 1 stacktransform exptransform identity transform dim 1 x
5561,StackedLSTMWithDropout,Summary,3,1,necessary iterating self layers dropout support
797,StaticFilesHandler,Parameters,2,0,wsgi middleware intercepts calls static files directory defined static url setting serves files
797,StaticFilesHandler,Summary,3,1,wsgi middleware intercepts calls static files directory defined static url setting serves files
1476,StorageBackedLongs,Summary,3,0,combines storagebackeddata pack unpacklonglist pack save sets ints storage sbl x01 x00 x00 x00 x00 x00 x00 x00 sbl storagebackedlongs storage sbl 1 sbl true sbl append 2 sbl save unpacklonglist storage sbl 1 2 true
2245,StringArray,Summary,3,1,extension array string data warning stringarray considered experimental parts api may change without warning parameters values array like array data warning currently expects object dtype ndarray elements python strings may copy bool default false attributes none methods none string methods available series backed stringarray notes stringarray returns booleanarray comparison methods examples pd array text none data dtype string stringarray text na data values traceback recent call last comparison methods returns class pandas booleanarray pd array none c dtype string booleanarray true na false
2322,StringMethods,Summary,3,0,vectorized string functions series index nas stay na unless handled otherwise particular method patterned python string methods inspiration r stringr package examples str split str replace
1142,Struct,Expand,1,1,dict subclass attribute style access dict subclass extra features attribute style access protection class members like keys items using attribute style access ability restrict assignment existing keys intelligent merging overloaded operators
1142,Struct,Summary,3,0,dict subclass attribute style access dict subclass extra features attribute style access protection class members like keys items using attribute style access ability restrict assignment existing keys intelligent merging overloaded operators
5577,Subset,Summary,3,0,subset dataset specified indices arguments dataset dataset whole dataset indices sequence indices whole set selected subset
808,SuccessMessageMixin,Summary,3,0,add success message successful form submission
1158,TBTools,Summary,3,0,basic tools used traceback printer classes
4106,TarFile,Summary,3,1,tarfile class provides interface tar archives
5585,Task,Summary,3,0,task composed execution step zero outputs tasks executed context taskgroup turn run session task outputs fetched session end run example net builder import ops node trainer task name task num instances 2 ops task init globl ops const 0 ops task instance init local ops const 0 ops loop 100 ops copy globl local ops task instance exit ops add globl local globl ops task exit ops mul globl globl globl task create 2 instances run parallel instance copy local globl 100 times add local globl mul execute instances task finished
5630,TaskOutput,Summary,3,0,represents output task
810,TemplateDoesNotExist,Summary,3,0,exception used template exist optional arguments backend tried formatted list tuples containing origin status origin origin object duck type status string reason template found chain list intermediate templatedoesnotexist exceptions used encapsulate multiple exceptions loading templates multiple engines
1160,TermColors,Summary,3,0,color escape sequences class defines escape sequences standard ansi colors terminals also defines nocolor escape null string suitable defining dummy color schemes terminals get confused color escapes class used mixin building color schemes
2338,TermValue,Summary,3,1,hold term value use construct condition filter
5635,TestBuiltins,Summary,3,1,tests torchscript support python builtin functions
2340,TestDatetimelikeSubtype,Summary,3,0,tests specific intervalindex datetime like subtype
2342,TestFromArrays,Summary,3,0,tests specific intervalindex arrays
2344,TestFromTuples,Summary,3,0,tests specific intervalindex tuples
840,TestImageFieldFile,Summary,3,0,custom field file class records whether underlying file opened
2346,TestPeriodIndexSeriesComparisonConsistency,Summary,3,0,test periodindex period series ops consistency
5637,TestQuantizedLinear,Summary,3,1,tests correctness quantized linear linear relu op
844,TestRouter,Expand,1,1,routes database model name starts
2349,TestSorted,Summary,3,0,everything wanted test sorting
846,TestUtils,DevelopmentNotes,0,0,doc output required testing
5639,TestYellowFin,Summary,3,1,yellowfin automatic tuner momentum sgd
4108,Token,Summary,3,0,token class
4110,TokenStreamIterator,Summary,3,1,iterator tokenstreams iterate stream eof token reached
5644,TransformerEncoderLayer,DevelopmentNotes,0,0,ashish vaswani noam shazeer niki parmar jakob uszkoreit llion jones aidan n gomez lukasz kaiser illia polosukhin 2017 attention need advances neural information processing systems pages 6000 6010 users may modify implement different way application args model number expected features input required nhead number heads multiheadattention models required dim feedforward dimension feedforward network model default 2048 dropout dropout value default 01 activation activation function intermediate layer relu gelu default relu examples encoder layer nn transformerencoderlayer model 512 nhead 8 src torch rand 10 32 512 encoder layer src
4116,TreeBuilder,Summary,3,1,base treebuilder implementation documentclass class use bottommost node document elementclass class use html elements commentclass class use comments doctypeclass class use doctypes
4126,Trie,Summary,3,0,abstract base class tries
4128,UndefinedEnvironmentName,Summary,3,1,name attempted used exist inside environment
5681,Unfold,Summary,3,1,extracts sliding local blocks batched input tensor consider batched attr input tensor shape math n c math n batch dimension math c channel dimension math represent arbitrary spatial dimensions operation flattens sliding attr kernel size sized block within spatial dimensions attr input column ie last dimension 3 attr output tensor shape math n c times prod text kernel size l math c times prod text kernel size total number values within block block math prod text kernel size spatial locations containing math c channeled vector math l total number blocks math l prod left lfloor frac text spatial size 2 times text padding text dilation times text kernel size 1 1 text stride 1 right rfloor math text spatial size formed spatial dimensions attr input math math spatial dimensions therefore indexing attr output last dimension column dimension gives values within certain block attr padding attr stride attr dilation arguments specify sliding blocks retrieved attr stride controls stride sliding blocks attr padding controls amount implicit zero paddings sides attr padding number points dimension reshaping attr dilation controls spacing kernel points also known trous algorithm harder describe link nice visualization attr dilation args kernel size int tuple size sliding blocks stride int tuple optional stride sliding blocks input spatial dimensions default 1 padding int tuple optional implicit zero padding added sides input default 0 dilation int tuple optional parameter controls stride elements within neighborhood default 1 attr kernel size attr dilation attr padding attr stride int tuple length 1 values replicated across spatial dimensions case two input spatial dimensions operation sometimes called im2col note class torch nn fold calculates combined value resulting large tensor summing values containing blocks class torch nn unfold extracts values local blocks copying large tensor blocks overlap inverses general folding unfolding operations related follows consider class torch nn fold class torch nn unfold instances created parameters fold params dict kernel size dilation padding stride fold nn fold output size fold params unfold nn unfold fold params supported input tensor following equality holds fold unfold input divisor input divisor tensor depends shape dtype input input ones torch ones input shape dtype input dtype divisor fold unfold input ones divisor tensor contains zero elements fold unfold operations inverses constant divisor input math n c output math n c times prod text kernel size l described examples unfold nn unfold kernel size 2 3 input torch randn 2 5 3 4 output unfold input patch contains 30 values 2x3 6 vectors 5 channels 4 blocks 2x3 kernels total 3x4 input output size torch size 2 30 4 convolution equivalent unfold matrix multiplication fold view output shape inp torch randn 1 3 10 12 w torch randn 2 3 4 5 inp unf torch nn functional unfold inp 4 5 unf inp unf transpose 1 2 matmul w view w size 0 1 transpose 1 2 torch nn functional fold unf 7 8 1 1 equivalently avoiding copy unf view 1 2 7 8 torch nn functional conv2d inp w abs max tensor 19073e 06
859,UniqueAnchor,Summary,3,0,model used something models point
4132,UnlockError,Summary,3,0,base class errors arising attempts release lock try raise unlockerror except error pass
2351,UnsortedIndexError,Summary,3,0,error raised attempting get slice multiindex index lexsorted subclass keyerror
863,UpdateError,Summary,3,0,occurs django tries update session deleted
5890,UploadTaskGroupBuilder,Summary,3,1,simple class upload checkpoints
5892,UseOptimizer,Summary,3,0,context class allow setting current context example usage brew useoptimizer optim brew func useoptimizer weight weight optim brew func useoptimizer default optim bias bias optim weight weight optim brew func brew func useoptimizer optim2 brew func
865,UserCreationForm,Parameters,2,0,form creates user privileges given username password
865,UserCreationForm,Summary,3,0,form creates user privileges given username password
1174,UserMagics,Summary,3,0,placeholder user defined magics added runtime magics eventually merged single namespace runtime use class isolate magics defined dynamically user class
1496,Util,Summary,3,1,utility functions builds
1500,VCardSet,Summary,3,1,add lines vcard ensuring vcard exists
1502,VCardStore,Summary,3,1,disk backed memory collection vcards vcards added collection using add vcard create file card disk using random name vcs add vcards mailpilevcard vcardline fn dude vcardline email evil com mailpilevcard vcardline fn guy vcards looked directly e mail vcs get vcard evil com fn u dude vcs get vcard nosuch email address none true found using searches vcs find vcards guy 0 fn u guy cards removed using del vcards vcs del vcards vcs get vcard evil com vcs get vcard evil com none true vcs del vcards vcs find vcards guy vcs find vcards guy
871,VariableWrapper,Summary,3,0,adapter class cursor variables prevents wrapped object converted string used instantiate oracleparam used generally object passed cursor execute
1498,Vcard,Summary,3,1,display single vcard
879,WindowFrame,Summary,3,0,model frame clause window expressions two types frame clauses subclasses however processing validation means intended complete done
890,XFrameOptionsDecoratorsTests,Summary,3,0,tests x frame options decorators
893,XFrameOptionsMiddleware,DevelopmentNotes,0,0,set header already set response contains xframe options exempt value set true default set x frame options header sameorigin meaning response loaded frame within site prevent response loaded frame site set x frame options project django settings deny
5923,YellowFinOptimizer,Summary,3,0,yellowfin automatic tuner momentum sgd
1185,YouTubeVideo,Summary,3,0,class embedding youtube video ipython session based video id eg embed video https www youtube com watch v foo would vid youtubevideo foo display vid start 30 seconds vid youtubevideo abc start 30 display vid calculate seconds time hours minutes seconds use class datetime timedelta start int timedelta hours 1 minutes 46 seconds 40 total seconds parameters provided documented https developers google com youtube player parameters parameters converting notebook using nbconvert jpeg representation video inserted document
4142,ZipResourceFinder,Summary,3,1,resource finder resources zip files
2357,_BZ2Proxy,Summary,3,0,small proxy class enables external file object support r bz2 w bz2 modes actually workaround limitation bz2 module bz2file class unlike gzip gzipfile support file object argument
2369,_FileInFile,Summary,3,1,thin wrapper around existing file object provides part data individual file object
1215,_MockPOP3,Summary,3,0,base mock pretends poplib pop3 connection pm pop3mailbox localhost user bad conn cls mockpop3 traceback recent call last accesserror pm pop3mailbox localhost user password b conn cls mockpop3 pm stat 2 123456 pm iterkeys evil good evil pm bogon pm true false msg subject msg pm msg 1 msg 2 pm get msg size evil pm get msg size good 47 51 pm get bytes evil test mailpile nsubject msg 1 n noh hi n pm invalid key traceback recent call last keyerror
2375,_MovedItems,Summary,3,0,lazy loading moved objects
4144,_OpNamespace,DevelopmentNotes,0,0,op namespace dynamically bind operators python say user created custom operator called namespace op call op user write torch ops namespace op startup operation yet bound python instead following sequence magic tricks occur 1 torch ops namespace invoke getattr magic method torch ops object create new opnamespace object called namespace set attribute ops object 2 torch ops namespace op invoke getattr namespace object retrieve operation via torch get operation function bound c similar 3 torch ops namespace op calls new operation subsequent accesses incur lookup namespace operation already exist
4144,_OpNamespace,Summary,3,0,op namespace dynamically bind operators python say user created custom operator called namespace op call op user write torch ops namespace op startup operation yet bound python instead following sequence magic tricks occur 1 torch ops namespace invoke getattr magic method torch ops object create new opnamespace object called namespace set attribute ops object 2 torch ops namespace op invoke getattr namespace object retrieve operation via torch get operation function bound c similar 3 torch ops namespace op calls new operation subsequent accesses incur lookup namespace operation already exist
4144,_OpNamespace,Usage,4,0,op namespace dynamically bind operators python say user created custom operator called namespace op call op user write torch ops namespace op startup operation yet bound python instead following sequence magic tricks occur 1 torch ops namespace invoke getattr magic method torch ops object create new opnamespace object called namespace set attribute ops object 2 torch ops namespace op invoke getattr namespace object retrieve operation via torch get operation function bound c similar 3 torch ops namespace op calls new operation subsequent accesses incur lookup namespace operation already exist
2377,_PathParents,Summary,3,0,object provides sequence like access logical ancestors path
1042,capture_output,Summary,3,0,context manager capturing stdout err
2816,fdspawn,Summary,3,1,like pexpect spawn allows supply open file descriptor example could use read file looking patterns control modem serial device
3304,omdict,Summary,3,0,ordered multivalue dictionary multivalue dictionary dictionary store multiple values per key ordered multivalue dictionary multivalue dictionary retains order insertions deletions internally items stored doubly linked list self items dictionary self map also maintained stores ordered list linked list node references one value associated key standard dict methods interact first value associated given key means omdict retains method parity dict dict object replaced omdict object interaction behave identically dict methods retain parity omdict get setdefault pop popitem clear copy update fromkeys len getitem setitem delitem contains items keys values iteritems iterkeys itervalues optional parameters added dict methods added parameters optional existing use remains unaffected optional key parameter added methods items values iteritems itervalues new methods also added omdict methods list name interact lists values methods name interact items dictionary including multiple items key new omdict methods load size reverse getlist add addlist set setlist setdefaultlist poplist popvalue popvalues popitem poplistitem allitems allkeys allvalues lists listitems iterallitems iterallkeys iterallvalues iterlists iterlistitems
